Workbook

Sheet Выводы
A1: Дистрибуция: концентрация оборота и эффективность складской сети
A2: Период наблюдения: 28.04–01.06.2020, 18 территорий, 504 наблюдения.
A4: Оборот сконцентрирован в четырёх территориях
A5: Санкт-Петербург Север (27.8%), Санкт-Петербург Юг (20.9%), Москва Запад (15.6%) и Москва Восток (14.9%) дают 79.2% всего товарооборота. Оставшиеся 14 территорий делят 20.8%. Любое решение по этим четырём территориям влияет на результат сильнее, чем работа со всеми остальными вместе.
A8: Лидеры по объёму и по эффективности — разные территории
A9: Санкт-Петербург Юг занимает второе место по обороту, но лишь четвёртое по обороту на склад (6.4 млн против 10.9 млн у Москвы Восток). При 129 складах он приносит меньше, чем Москва Восток на 54 складах. Разрыв между лучшей и худшей территорией по этому показателю — 5.3 раза.
A12: Рост за четыре полные недели составил 6.1%, а не 26%
A13: По всем территориям оборот вырос с 984 млн до 1 056 млн — но 5 из 18 территорий были подключены в течение периода. По сопоставимому кругу из 13 территорий рост составляет 6.1%, а оборот на склад вырос на 4.7% при росте числа складов на 1.4%. То есть сеть росла в основном за счёт географии, а не за счёт плотности продаж.
A16: Средний чек различается между территориями в 1.4 раза
A17: От 1 257 руб. в Волгограде до 1 874 руб. в Санкт-Петербурге Север. Территории с высоким оборотом на склад не всегда имеют высокий средний чек: Москва Восток лидирует по эффективности склада при среднем чеке 1 633 руб.
A20: Ограничения данных
A21: Неделя 18 содержит 6 дней, неделя 23 — один день (01.06). Обе исключены из сравнений динамики. Пять территорий (Ростов-на-Дону, Тюмень, Самара, Томск, Уфа) имеют неполную историю: от 2 до 33 дней из 35. Они учтены в общих итогах, но исключены из расчёта динамики и сопоставления эффективности.

Sheet Данные
A1: Объединённый массив: дневные показатели по территориям
A2: Источник: два листа исходной выгрузки, соединены по ключу Дата + Территория. Расчётные столбцы J и K — формулы, пересчитываются при изменении данных.
A4: Дата | B4: Территория | C4: Товарооборот, шт | D4: Товарооборот, руб | E4: Количество складов | F4: Количество заказов | G4: Количество клиентов | H4: Неделя | I4: Начало недели | J4: Товарооборот на склад | K4: Средний чек
A5: 43949 | B5: Волгоград | C5: 73147.5 | D5: 6288246 | E5: 36 | F5: 4923 | G5: 4560 | H5: =WEEKNUM(A5,21) -> 18 | I5: =A5-WEEKDAY(A5,3) -> 43948 | J5: =IFERROR(D5/E5,"") -> 174673.5 | K5: =IFERROR(D5/F5,"") -> 1277.3199
A6: 43949 | B6: Екатеринбург | C6: 81826.5 | D6: 7163644.5 | E6: 31 | F6: 5465 | G6: 5096 | H6: =WEEKNUM(A6,21) -> 18 | I6: =A6-WEEKDAY(A6,3) -> 43948 | J6: =IFERROR(D6/E6,"") -> 231085.31 | K6: =IFERROR(D6/F6,"") -> 1310.8224
A7: 43949 | B7: Казань | C7: 32181 | D7: 2863600.5 | E7: 19 | F7: 1846 | G7: 1681 | H7: =WEEKNUM(A7,21) -> 18 | I7: =A7-WEEKDAY(A7,3) -> 43948 | J7: =IFERROR(D7/E7,"") -> 150715.82 | K7: =IFERROR(D7/F7,"") -> 1551.2462
A8: 43949 | B8: Кемерово | C8: 26940 | D8: 2411587.5 | E8: 18 | F8: 1539 | G8: 1404 | H8: =WEEKNUM(A8,21) -> 18 | I8: =A8-WEEKDAY(A8,3) -> 43948 | J8: =IFERROR(D8/E8,"") -> 133977.08 | K8: =IFERROR(D8/F8,"") -> 1566.9834
A9: 43949 | B9: Краснодар | C9: 25149 | D9: 2277072 | E9: 18 | F9: 1505 | G9: 1368 | H9: =WEEKNUM(A9,21) -> 18 | I9: =A9-WEEKDAY(A9,3) -> 43948 | J9: =IFERROR(D9/E9,"") -> 126504 | K9: =IFERROR(D9/F9,"") -> 1513.0047
A10: 43949 | B10: Москва Восток | C10: 195705 | D10: 20003264 | E10: 54 | F10: 12306 | G10: 11532 | H10: =WEEKNUM(A10,21) -> 18 | I10: =A10-WEEKDAY(A10,3) -> 43948 | J10: =IFERROR(D10/E10,"") -> 370430.81 | K10: =IFERROR(D10/F10,"") -> 1625.4887
A11: 43949 | B11: Москва Запад | C11: 204637.5 | D11: 21114898 | E11: 59 | F11: 12943 | G11: 12072 | H11: =WEEKNUM(A11,21) -> 18 | I11: =A11-WEEKDAY(A11,3) -> 43948 | J11: =IFERROR(D11/E11,"") -> 357879.64 | K11: =IFERROR(D11/F11,"") -> 1631.3759
A12: 43949 | B12: Нижний Новгород | C12: 23314.5 | D12: 2136817.5 | E12: 17 | F12: 1439 | G12: 1265 | H12: =WEEKNUM(A12,21) -> 18 | I12: =A12-WEEKDAY(A12,3) -> 43948 | J12: =IFERROR(D12/E12,"") -> 125695.15 | K12: =IFERROR(D12/F12,"") -> 1484.9322
A13: 43949 | B13: Новосибирск | C13: 12541.5 | D13: 992541 | E13: 15 | F13: 636 | G13: 547 | H13: =WEEKNUM(A13,21) -> 18 | I13: =A13-WEEKDAY(A13,3) -> 43948 | J13: =IFERROR(D13/E13,"") -> 66169.4 | K13: =IFERROR(D13/F13,"") -> 1560.5991
A14: 43949 | B14: Пермь | C14: 13303.5 | D14: 1102887 | E14: 15 | F14: 780 | G14: 690 | H14: =WEEKNUM(A14,21) -> 18 | I14: =A14-WEEKDAY(A14,3) -> 43948 | J14: =IFERROR(D14/E14,"") -> 73525.8 | K14: =IFERROR(D14/F14,"") -> 1413.9577
A15: 43949 | B15: Санкт-Петербург Север | C15: 376060.5 | D15: 39918028 | E15: 125 | F15: 20914 | G15: 19479 | H15: =WEEKNUM(A15,21) -> 18 | I15: =A15-WEEKDAY(A15,3) -> 43948 | J15: =IFERROR(D15/E15,"") -> 319344.23 | K15: =IFERROR(D15/F15,"") -> 1908.675
A16: 43949 | B16: Санкт-Петербург Юг | C16: 286002 | D16: 29159032 | E16: 128 | F16: 16450 | G16: 15320 | H16: =WEEKNUM(A16,21) -> 18 | I16: =A16-WEEKDAY(A16,3) -> 43948 | J16: =IFERROR(D16/E16,"") -> 227804.94 | K16: =IFERROR(D16/F16,"") -> 1772.5856
... A508: 43983 | B508: Уфа | C508: 4408.5 | D508: 410892 | E508: 6 | F508: 237 | G508: 175 | H508: =WEEKNUM(A508,21) -> 23 | I508: =A508-WEEKDAY(A508,3) -> 43983 | J508: =IFERROR(D508/E508,"") -> 68482 | K508: =IFERROR(D508/F508,"") -> 1733.7215

Sheet Проверка данных
A1: Проверки, выполненные до анализа
A2: Каждая проверка — формула по листу «Данные». Значение пересчитывается автоматически.
A4: Показатель | B4: Значение | C4: Комментарий
A5: Строк в объединённом массиве | B5: =COUNTA(Данные!$B$5:$B$508) -> 504 | C5: 504 = столько же, сколько в каждом исходном листе
A6: Уникальных территорий | B6: =SUMPRODUCT((Данные!$B$5:$B$508<>"")/COUNTIF(Данные!$B$5:$B$508,Данные!$B$5:$B$508&"")) -> 18 | C6: 18
A7: Уникальных дат | B7: =SUMPRODUCT((Данные!$A$5:$A$508<>"")/COUNTIF(Данные!$A$5:$A$508,Данные!$A$5:$A$508&"")) -> 35 | C7: 35 календарных дней подряд, пропусков нет
A8: Первая дата | B8: =MIN(Данные!$A$5:$A$508) -> 43949
A9: Последняя дата | B9: =MAX(Данные!$A$5:$A$508) -> 43983
A10: Строк с пустым числом складов | B10: =COUNTIF(Данные!$E$5:$E$508,0) -> 0 | C10: 0 — деления на ноль не возникает
A11: Товарооборот за период, руб | B11: =SUM(Данные!$D$5:$D$508) -> 4.9623592e+09
A12: Заказов за период | B12: =SUM(Данные!$F$5:$F$508) -> 2988770
A15: Полнота недель
A16: Неделя | B16: Дней в данных | C16: Территорий | D16: Статус
A17: 18 | B17: =SUMPRODUCT((Данные!$H$5:$H$508=18)/(COUNTIFS(Данные!$H$5:$H$508,18,Данные!$A$5:$A$508,Данные!$A$5:$A$508)+(Данные!$H$5:$H$508<>18))) -> 6 | C17: =SUMPRODUCT((Данные!$H$5:$H$508=18)/(COUNTIFS(Данные!$H$5:$H$508,18,Данные!$B$5:$B$508,Данные!$B$5:$B$508)+(Данные!$H$5:$H$508<>18))) -> 14 | D17: неполная — 6 дн.
A18: 19 | B18: =SUMPRODUCT((Данные!$H$5:$H$508=19)/(COUNTIFS(Данные!$H$5:$H$508,19,Данные!$A$5:$A$508,Данные!$A$5:$A$508)+(Данные!$H$5:$H$508<>19))) -> 7 | C18: =SUMPRODUCT((Данные!$H$5:$H$508=19)/(COUNTIFS(Данные!$H$5:$H$508,19,Данные!$B$5:$B$508,Данные!$B$5:$B$508)+(Данные!$H$5:$H$508<>19))) -> 14 | D18: полная
A19: 20 | B19: =SUMPRODUCT((Данные!$H$5:$H$508=20)/(COUNTIFS(Данные!$H$5:$H$508,20,Данные!$A$5:$A$508,Данные!$A$5:$A$508)+(Данные!$H$5:$H$508<>20))) -> 7 | C19: =SUMPRODUCT((Данные!$H$5:$H$508=20)/(COUNTIFS(Данные!$H$5:$H$508,20,Данные!$B$5:$B$508,Данные!$B$5:$B$508)+(Данные!$H$5:$H$508<>20))) -> 14 | D19: полная
A20: 21 | B20: =SUMPRODUCT((Данные!$H$5:$H$508=21)/(COUNTIFS(Данные!$H$5:$H$508,21,Данные!$A$5:$A$508,Данные!$A$5:$A$508)+(Данные!$H$5:$H$508<>21))) -> 7 | C20: =SUMPRODUCT((Данные!$H$5:$H$508=21)/(COUNTIFS(Данные!$H$5:$H$508,21,Данные!$B$5:$B$508,Данные!$B$5:$B$508)+(Данные!$H$5:$H$508<>21))) -> 14 | D20: полная
A21: 22 | B21: =SUMPRODUCT((Данные!$H$5:$H$508=22)/(COUNTIFS(Данные!$H$5:$H$508,22,Данные!$A$5:$A$508,Данные!$A$5:$A$508)+(Данные!$H$5:$H$508<>22))) -> 7 | C21: =SUMPRODUCT((Данные!$H$5:$H$508=22)/(COUNTIFS(Данные!$H$5:$H$508,22,Данные!$B$5:$B$508,Данные!$B$5:$B$508)+(Данные!$H$5:$H$508<>22))) -> 18 | D21: полная
A22: 23 | B22: =SUMPRODUCT((Данные!$H$5:$H$508=23)/(COUNTIFS(Данные!$H$5:$H$508,23,Данные!$A$5:$A$508,Данные!$A$5:$A$508)+(Данные!$H$5:$H$508<>23))) -> 1 | C22: =SUMPRODUCT((Данные!$H$5:$H$508=23)/(COUNTIFS(Данные!$H$5:$H$508,23,Данные!$B$5:$B$508,Данные!$B$5:$B$508)+(Данные!$H$5:$H$508<>23))) -> 18 | D22: неполная — 1 дн.
A25: Территории с неполной историей наблюдений
A26: Территория | B26: Первый день | C26: Дней из 35 | D26: Комментарий
A27: Ростов-на-Дону | B27: =_xlfn.MINIFS(Данные!$A$5:$A$508,Данные!$B$5:$B$508,A27) -> 43951 | C27: =COUNTIF(Данные!$B$5:$B$508,A27) -> 33 | D27: подключена в течение периода — в сравнениях не участвует
A28: Тюмень | B28: =_xlfn.MINIFS(Данные!$A$5:$A$508,Данные!$B$5:$B$508,A28) -> 43977 | C28: =COUNTIF(Данные!$B$5:$B$508,A28) -> 7 | D28: подключена в течение периода — в сравнениях не участвует
A29: Самара | B29: =_xlfn.MINIFS(Данные!$A$5:$A$508,Данные!$B$5:$B$508,A29) -> 43979 | C29: =COUNTIF(Данные!$B$5:$B$508,A29) -> 5 | D29: подключена в течение периода — в сравнениях не участвует
A30: Томск | B30: =_xlfn.MINIFS(Данные!$A$5:$A$508,Данные!$B$5:$B$508,A30) -> 43982 | C30: =COUNTIF(Данные!$B$5:$B$508,A30) -> 2 | D30: подключена в течение периода — в сравнениях не участвует
A31: Уфа | B31: =_xlfn.MINIFS(Данные!$A$5:$A$508,Данные!$B$5:$B$508,A31) -> 43982 | C31: =COUNTIF(Данные!$B$5:$B$508,A31) -> 2 | D31: подключена в течение периода — в сравнениях не участвует

Sheet Сводная неделя-территория
A1: Товарооборот по территориям и неделям, руб
A2: Все ячейки — SUMIFS по листу «Данные». Недели 18 и 23 неполные (6 и 1 день) — выделены оранжевым, для сравнения динамики не используются.
A4: Территория | B4: 18 | C4: 19 | D4: 20 | E4: 21 | F4: 22 | G4: 23 | H4: Итого | I4: Доля, %
A5: Волгоград | B5: =SUMIFS(Данные!$D$5:$D$508,Данные!$B$5:$B$508,$A5,Данные!$H$5:$H$508,B$4-0+0) -> 36934095 | C5: =SUMIFS(Данные!$D$5:$D$508,Данные!$B$5:$B$508,$A5,Данные!$H$5:$H$508,C$4-0+0) -> 43307156 | D5: =SUMIFS(Данные!$D$5:$D$508,Данные!$B$5:$B$508,$A5,Данные!$H$5:$H$508,D$4-0+0) -> 41300679 | E5: =SUMIFS(Данные!$D$5:$D$508,Данные!$B$5:$B$508,$A5,Данные!$H$5:$H$508,E$4-0+0) -> 44172813 | F5: =SUMIFS(Данные!$D$5:$D$508,Данные!$B$5:$B$508,$A5,Данные!$H$5:$H$508,F$4-0+0) -> 46485094 | G5: =SUMIFS(Данные!$D$5:$D$508,Данные!$B$5:$B$508,$A5,Данные!$H$5:$H$508,G$4-0+0) -> 5800290 | H5: =SUM(B5:G5) -> 218000127 | I5: =H5/H$23 -> 0.043930743
A6: Екатеринбург | B6: =SUMIFS(Данные!$D$5:$D$508,Данные!$B$5:$B$508,$A6,Данные!$H$5:$H$508,B$4-0+0) -> 42828758 | C6: =SUMIFS(Данные!$D$5:$D$508,Данные!$B$5:$B$508,$A6,Данные!$H$5:$H$508,C$4-0+0) -> 46366010 | D6: =SUMIFS(Данные!$D$5:$D$508,Данные!$B$5:$B$508,$A6,Данные!$H$5:$H$508,D$4-0+0) -> 47079842 | E6: =SUMIFS(Данные!$D$5:$D$508,Данные!$B$5:$B$508,$A6,Данные!$H$5:$H$508,E$4-0+0) -> 49575288 | F6: =SUMIFS(Данные!$D$5:$D$508,Данные!$B$5:$B$508,$A6,Данные!$H$5:$H$508,F$4-0+0) -> 50729186 | G6: =SUMIFS(Данные!$D$5:$D$508,Данные!$B$5:$B$508,$A6,Данные!$H$5:$H$508,G$4-0+0) -> 6829921.5 | H6: =SUM(B6:G6) -> 2.43409e+08 | I6: =H6/H$23 -> 0.049051065
A7: Казань | B7: =SUMIFS(Данные!$D$5:$D$508,Данные!$B$5:$B$508,$A7,Данные!$H$5:$H$508,B$4-0+0) -> 17828216 | C7: =SUMIFS(Данные!$D$5:$D$508,Данные!$B$5:$B$508,$A7,Данные!$H$5:$H$508,C$4-0+0) -> 20974521 | D7: =SUMIFS(Данные!$D$5:$D$508,Данные!$B$5:$B$508,$A7,Данные!$H$5:$H$508,D$4-0+0) -> 23603355 | E7: =SUMIFS(Данные!$D$5:$D$508,Данные!$B$5:$B$508,$A7,Данные!$H$5:$H$508,E$4-0+0) -> 26815804 | F7: =SUMIFS(Данные!$D$5:$D$508,Данные!$B$5:$B$508,$A7,Данные!$H$5:$H$508,F$4-0+0) -> 27495690 | G7: =SUMIFS(Данные!$D$5:$D$508,Данные!$B$5:$B$508,$A7,Данные!$H$5:$H$508,G$4-0+0) -> 3865251 | H7: =SUM(B7:G7) -> 120582837 | I7: =H7/H$23 -> 0.024299498
A8: Кемерово | B8: =SUMIFS(Данные!$D$5:$D$508,Данные!$B$5:$B$508,$A8,Данные!$H$5:$H$508,B$4-0+0) -> 16029680 | C8: =SUMIFS(Данные!$D$5:$D$508,Данные!$B$5:$B$508,$A8,Данные!$H$5:$H$508,C$4-0+0) -> 19479056 | D8: =SUMIFS(Данные!$D$5:$D$508,Данные!$B$5:$B$508,$A8,Данные!$H$5:$H$508,D$4-0+0) -> 19724733 | E8: =SUMIFS(Данные!$D$5:$D$508,Данные!$B$5:$B$508,$A8,Данные!$H$5:$H$508,E$4-0+0) -> 20915751 | F8: =SUMIFS(Данные!$D$5:$D$508,Данные!$B$5:$B$508,$A8,Данные!$H$5:$H$508,F$4-0+0) -> 22579281 | G8: =SUMIFS(Данные!$D$5:$D$508,Данные!$B$5:$B$508,$A8,Данные!$H$5:$H$508,G$4-0+0) -> 2945035.5 | H8: =SUM(B8:G8) -> 1.0167354e+08 | I8: =H8/H$23 -> 0.020488951
A9: Краснодар | B9: =SUMIFS(Данные!$D$5:$D$508,Данные!$B$5:$B$508,$A9,Данные!$H$5:$H$508,B$4-0+0) -> 13955985 | C9: =SUMIFS(Данные!$D$5:$D$508,Данные!$B$5:$B$508,$A9,Данные!$H$5:$H$508,C$4-0+0) -> 16391856 | D9: =SUMIFS(Данные!$D$5:$D$508,Данные!$B$5:$B$508,$A9,Данные!$H$5:$H$508,D$4-0+0) -> 16732521 | E9: =SUMIFS(Данные!$D$5:$D$508,Данные!$B$5:$B$508,$A9,Данные!$H$5:$H$508,E$4-0+0) -> 17647479 | F9: =SUMIFS(Данные!$D$5:$D$508,Данные!$B$5:$B$508,$A9,Данные!$H$5:$H$508,F$4-0+0) -> 18595773 | G9: =SUMIFS(Данные!$D$5:$D$508,Данные!$B$5:$B$508,$A9,Данные!$H$5:$H$508,G$4-0+0) -> 2538967.5 | H9: =SUM(B9:G9) -> 85862582 | I9: =H9/H$23 -> 0.017302774
A10: Москва Восток | B10: =SUMIFS(Данные!$D$5:$D$508,Данные!$B$5:$B$508,$A10,Данные!$H$5:$H$508,B$4-0+0) -> 130713645 | C10: =SUMIFS(Данные!$D$5:$D$508,Данные!$B$5:$B$508,$A10,Данные!$H$5:$H$508,C$4-0+0) -> 1.5164204e+08 | D10: =SUMIFS(Данные!$D$5:$D$508,Данные!$B$5:$B$508,$A10,Данные!$H$5:$H$508,D$4-0+0) -> 135813990 | E10: =SUMIFS(Данные!$D$5:$D$508,Данные!$B$5:$B$508,$A10,Данные!$H$5:$H$508,E$4-0+0) -> 149589546 | F10: =SUMIFS(Данные!$D$5:$D$508,Данные!$B$5:$B$508,$A10,Данные!$H$5:$H$508,F$4-0+0) -> 151451013 | G10: =SUMIFS(Данные!$D$5:$D$508,Данные!$B$5:$B$508,$A10,Данные!$H$5:$H$508,G$4-0+0) -> 18914194 | H10: =SUM(B10:G10) -> 738124428 | I10: =H10/H$23 -> 0.14874466
A11: Москва Запад | B11: =SUMIFS(Данные!$D$5:$D$508,Данные!$B$5:$B$508,$A11,Данные!$H$5:$H$508,B$4-0+0) -> 136791225 | C11: =SUMIFS(Данные!$D$5:$D$508,Данные!$B$5:$B$508,$A11,Данные!$H$5:$H$508,C$4-0+0) -> 159695760 | D11: =SUMIFS(Данные!$D$5:$D$508,Данные!$B$5:$B$508,$A11,Данные!$H$5:$H$508,D$4-0+0) -> 142825023 | E11: =SUMIFS(Данные!$D$5:$D$508,Данные!$B$5:$B$508,$A11,Данные!$H$5:$H$508,E$4-0+0) -> 1.5751236e+08 | F11: =SUMIFS(Данные!$D$5:$D$508,Данные!$B$5:$B$508,$A11,Данные!$H$5:$H$508,F$4-0+0) -> 1.5785721e+08 | G11: =SUMIFS(Данные!$D$5:$D$508,Данные!$B$5:$B$508,$A11,Данные!$H$5:$H$508,G$4-0+0) -> 19465372 | H11: =SUM(B11:G11) -> 7.7414695e+08 | I11: =H11/H$23 -> 0.15600381
A12: Нижний Новгород | B12: =SUMIFS(Данные!$D$5:$D$508,Данные!$B$5:$B$508,$A12,Данные!$H$5:$H$508,B$4-0+0) -> 13145966 | C12: =SUMIFS(Данные!$D$5:$D$508,Данные!$B$5:$B$508,$A12,Данные!$H$5:$H$508,C$4-0+0) -> 17149980 | D12: =SUMIFS(Данные!$D$5:$D$508,Данные!$B$5:$B$508,$A12,Данные!$H$5:$H$508,D$4-0+0) -> 19963154 | E12: =SUMIFS(Данные!$D$5:$D$508,Данные!$B$5:$B$508,$A12,Данные!$H$5:$H$508,E$4-0+0) -> 20713983 | F12: =SUMIFS(Данные!$D$5:$D$508,Данные!$B$5:$B$508,$A12,Данные!$H$5:$H$508,F$4-0+0) -> 21605704 | G12: =SUMIFS(Данные!$D$5:$D$508,Данные!$B$5:$B$508,$A12,Данные!$H$5:$H$508,G$4-0+0) -> 3013512 | H12: =SUM(B12:G12) -> 95592298 | I12: =H12/H$23 -> 0.019263478
A13: Новосибирск | B13: =SUMIFS(Данные!$D$5:$D$508,Данные!$B$5:$B$508,$A13,Данные!$H$5:$H$508,B$4-0+0) -> 5746024.5 | C13: =SUMIFS(Данные!$D$5:$D$508,Данные!$B$5:$B$508,$A13,Данные!$H$5:$H$508,C$4-0+0) -> 7253572.5 | D13: =SUMIFS(Данные!$D$5:$D$508,Данные!$B$5:$B$508,$A13,Данные!$H$5:$H$508,D$4-0+0) -> 7841920.5 | E13: =SUMIFS(Данные!$D$5:$D$508,Данные!$B$5:$B$508,$A13,Данные!$H$5:$H$508,E$4-0+0) -> 8990269.5 | F13: =SUMIFS(Данные!$D$5:$D$508,Данные!$B$5:$B$508,$A13,Данные!$H$5:$H$508,F$4-0+0) -> 9909624 | G13: =SUMIFS(Данные!$D$5:$D$508,Данные!$B$5:$B$508,$A13,Данные!$H$5:$H$508,G$4-0+0) -> 1293219 | H13: =SUM(B13:G13) -> 41034630 | I13: =H13/H$23 -> 0.0082691777
A14: Пермь | B14: =SUMIFS(Данные!$D$5:$D$508,Данные!$B$5:$B$508,$A14,Данные!$H$5:$H$508,B$4-0+0) -> 6961020 | C14: =SUMIFS(Данные!$D$5:$D$508,Данные!$B$5:$B$508,$A14,Данные!$H$5:$H$508,C$4-0+0) -> 8778597 | D14: =SUMIFS(Данные!$D$5:$D$508,Данные!$B$5:$B$508,$A14,Данные!$H$5:$H$508,D$4-0+0) -> 9036316.5 | E14: =SUMIFS(Данные!$D$5:$D$508,Данные!$B$5:$B$508,$A14,Данные!$H$5:$H$508,E$4-0+0) -> 10598445 | F14: =SUMIFS(Данные!$D$5:$D$508,Данные!$B$5:$B$508,$A14,Данные!$H$5:$H$508,F$4-0+0) -> 11902053 | G14: =SUMIFS(Данные!$D$5:$D$508,Данные!$B$5:$B$508,$A14,Данные!$H$5:$H$508,G$4-0+0) -> 1526608.5 | H14: =SUM(B14:G14) -> 48803040 | I14: =H14/H$23 -> 0.0098346447
A15: Ростов-на-Дону | B15: =SUMIFS(Данные!$D$5:$D$508,Данные!$B$5:$B$508,$A15,Данные!$H$5:$H$508,B$4-0+0) -> 2008809 | C15: =SUMIFS(Данные!$D$5:$D$508,Данные!$B$5:$B$508,$A15,Данные!$H$5:$H$508,C$4-0+0) -> 5892277.5 | D15: =SUMIFS(Данные!$D$5:$D$508,Данные!$B$5:$B$508,$A15,Данные!$H$5:$H$508,D$4-0+0) -> 7382458.5 | E15: =SUMIFS(Данные!$D$5:$D$508,Данные!$B$5:$B$508,$A15,Данные!$H$5:$H$508,E$4-0+0) -> 8638525.5 | F15: =SUMIFS(Данные!$D$5:$D$508,Данные!$B$5:$B$508,$A15,Данные!$H$5:$H$508,F$4-0+0) -> 9328845 | G15: =SUMIFS(Данные!$D$5:$D$508,Данные!$B$5:$B$508,$A15,Данные!$H$5:$H$508,G$4-0+0) -> 1565632.5 | H15: =SUM(B15:G15) -> 34816548 | I15: =H15/H$23 -> 0.0070161281
A16: Самара | B16: =SUMIFS(Данные!$D$5:$D$508,Данные!$B$5:$B$508,$A16,Данные!$H$5:$H$508,B$4-0+0) -> 0 | C16: =SUMIFS(Данные!$D$5:$D$508,Данные!$B$5:$B$508,$A16,Данные!$H$5:$H$508,C$4-0+0) -> 0 | D16: =SUMIFS(Данные!$D$5:$D$508,Данные!$B$5:$B$508,$A16,Данные!$H$5:$H$508,D$4-0+0) -> 0 | E16: =SUMIFS(Данные!$D$5:$D$508,Данные!$B$5:$B$508,$A16,Данные!$H$5:$H$508,E$4-0+0) -> 0 | F16: =SUMIFS(Данные!$D$5:$D$508,Данные!$B$5:$B$508,$A16,Данные!$H$5:$H$508,F$4-0+0) -> 2706253.5 | G16: =SUMIFS(Данные!$D$5:$D$508,Данные!$B$5:$B$508,$A16,Данные!$H$5:$H$508,G$4-0+0) -> 636345 | H16: =SUM(B16:G16) -> 3342598.5 | I16: =H16/H$23 -> 0.0006735906
... A22: Уфа | B22: =SUMIFS(Данные!$D$5:$D$508,Данные!$B$5:$B$508,$A22,Данные!$H$5:$H$508,B$4-0+0) -> 0 | C22: =SUMIFS(Данные!$D$5:$D$508,Данные!$B$5:$B$508,$A22,Данные!$H$5:$H$508,C$4-0+0) -> 0 | D22: =SUMIFS(Данные!$D$5:$D$508,Данные!$B$5:$B$508,$A22,Данные!$H$5:$H$508,D$4-0+0) -> 0 | E22: =SUMIFS(Данные!$D$5:$D$508,Данные!$B$5:$B$508,$A22,Данные!$H$5:$H$508,E$4-0+0) -> 0 | F22: =SUMIFS(Данные!$D$5:$D$508,Данные!$B$5:$B$508,$A22,Данные!$H$5:$H$508,F$4-0+0) -> 468835.5 | G22: =SUMIFS(Данные!$D$5:$D$508,Данные!$B$5:$B$508,$A22,Данные!$H$5:$H$508,G$4-0+0) -> 410892 | H22: =SUM(B22:G22) -> 879727.5 | I22: =H22/H$23 -> 0.00017728009
A23: Итого | B23: =SUM(B5:B22) -> 836803032 | C23: =SUM(C5:C22) -> 9.8391541e+08 | D23: =SUM(D5:D22) -> 9.4726301e+08 | E23: =SUM(E5:E22) -> 1.0026919e+09 | F23: =SUM(F5:F22) -> 1.0556535e+09 | G23: =SUM(G5:G22) -> 1.3603238e+08 | H23: =SUM(H5:H22) -> 4.9623592e+09 | I23: 1

Sheet Топ-3 территорий
A1: Топ-3 территорий: по объёму и по эффективности
A3: По доле в общем товарообороте за весь период
A4: Место | B4: Территория | C4: Товарооборот, руб | D4: Доля, % | E4: Накопленная доля
A5: 1 | B5: Санкт-Петербург Север | C5: =SUMIFS(Данные!$D$5:$D$508,Данные!$B$5:$B$508,B5) -> 1.3807239e+09 | D5: =C5/SUM(Данные!$D$5:$D$508) -> 0.27823941 | E5: =D5 -> 0.27823941
A6: 2 | B6: Санкт-Петербург Юг | C6: =SUMIFS(Данные!$D$5:$D$508,Данные!$B$5:$B$508,B6) -> 1.0356124e+09 | D6: =C6/SUM(Данные!$D$5:$D$508) -> 0.20869355 | E6: =SUM($C$5:C6)/SUM(Данные!$D$5:$D$508) -> 0.48693296
A7: 3 | B7: Москва Запад | C7: =SUMIFS(Данные!$D$5:$D$508,Данные!$B$5:$B$508,B7) -> 7.7414695e+08 | D7: =C7/SUM(Данные!$D$5:$D$508) -> 0.15600381 | E7: =SUM($C$5:C7)/SUM(Данные!$D$5:$D$508) -> 0.64293678
A8: 4 | B8: Москва Восток | C8: =SUMIFS(Данные!$D$5:$D$508,Данные!$B$5:$B$508,B8) -> 738124428 | D8: =C8/SUM(Данные!$D$5:$D$508) -> 0.14874466 | E8: =SUM($C$5:C8)/SUM(Данные!$D$5:$D$508) -> 0.79168143
A9: 5 | B9: Екатеринбург | C9: =SUMIFS(Данные!$D$5:$D$508,Данные!$B$5:$B$508,B9) -> 2.43409e+08 | D9: =C9/SUM(Данные!$D$5:$D$508) -> 0.049051065 | E9: =SUM($C$5:C9)/SUM(Данные!$D$5:$D$508) -> 0.8407325
A11: Топ-3 формируют 64.3% оборота, топ-5 — 84.1%. Оставшиеся 13 территорий делят 15.9%.
A14: По товарообороту на склад за последнюю полную неделю (неделя 22, 25–31.05)
A15: Место | B15: Территория | C15: Товарооборот, руб | D15: Складов (среднее) | E15: Оборот на склад
A16: 1 | B16: Москва Восток | C16: =SUMIFS(Данные!$D$5:$D$508,Данные!$B$5:$B$508,B16,Данные!$H$5:$H$508,22) -> 151451013 | D16: =AVERAGEIFS(Данные!$E$5:$E$508,Данные!$B$5:$B$508,B16,Данные!$H$5:$H$508,22) -> 54 | E16: =IFERROR(C16/D16,"") -> 2804648.4
A17: 2 | B17: Москва Запад | C17: =SUMIFS(Данные!$D$5:$D$508,Данные!$B$5:$B$508,B17,Данные!$H$5:$H$508,22) -> 1.5785721e+08 | D17: =AVERAGEIFS(Данные!$E$5:$E$508,Данные!$B$5:$B$508,B17,Данные!$H$5:$H$508,22) -> 59.142857 | E17: =IFERROR(C17/D17,"") -> 2669083.3
A18: 3 | B18: Санкт-Петербург Север | C18: =SUMIFS(Данные!$D$5:$D$508,Данные!$B$5:$B$508,B18,Данные!$H$5:$H$508,22) -> 2.9215505e+08 | D18: =AVERAGEIFS(Данные!$E$5:$E$508,Данные!$B$5:$B$508,B18,Данные!$H$5:$H$508,22) -> 124 | E18: =IFERROR(C18/D18,"") -> 2356089.1
A19: 4 | B19: Санкт-Петербург Юг | C19: =SUMIFS(Данные!$D$5:$D$508,Данные!$B$5:$B$508,B19,Данные!$H$5:$H$508,22) -> 2.1926593e+08 | D19: =AVERAGEIFS(Данные!$E$5:$E$508,Данные!$B$5:$B$508,B19,Данные!$H$5:$H$508,22) -> 129 | E19: =IFERROR(C19/D19,"") -> 1699735.9
A20: 5 | B20: Екатеринбург | C20: =SUMIFS(Данные!$D$5:$D$508,Данные!$B$5:$B$508,B20,Данные!$H$5:$H$508,22) -> 50729186 | D20: =AVERAGEIFS(Данные!$E$5:$E$508,Данные!$B$5:$B$508,B20,Данные!$H$5:$H$508,22) -> 31 | E20: =IFERROR(C20/D20,"") -> 1636425.3
A22: Взята неделя 22, а не календарно последняя неделя 23: в неделе 23 присутствует только один день (01.06), сравнение недельных объёмов с ней некорректно. Состав топ-3 в обоих вариантах совпадает.
A25: Проверка: то же по неделе 23 (один день)
A26: Место | B26: Территория | C26: Оборот на склад
A27: 1 | B27: Москва Восток | C27: =IFERROR(SUMIFS(Данные!$D$5:$D$508,Данные!$B$5:$B$508,B27,Данные!$H$5:$H$508,23)/AVERAGEIFS(Данные!$E$5:$E$508,Данные!$B$5:$B$508,B27,Данные!$H$5:$H$508,23),"") -> 350262.86
A28: 2 | B28: Москва Запад | C28: =IFERROR(SUMIFS(Данные!$D$5:$D$508,Данные!$B$5:$B$508,B28,Данные!$H$5:$H$508,23)/AVERAGEIFS(Данные!$E$5:$E$508,Данные!$B$5:$B$508,B28,Данные!$H$5:$H$508,23),"") -> 329921.57
A29: 3 | B29: Санкт-Петербург Север | C29: =IFERROR(SUMIFS(Данные!$D$5:$D$508,Данные!$B$5:$B$508,B29,Данные!$H$5:$H$508,23)/AVERAGEIFS(Данные!$E$5:$E$508,Данные!$B$5:$B$508,B29,Данные!$H$5:$H$508,23),"") -> 302909.27

Sheet Динамика
A1: Понедельная динамика: товарооборот и оборот на склад
A2: По 13 территориям с полной историей наблюдений. Пять территорий, подключённых в течение периода, исключены — иначе рост показателя отражал бы расширение географии, а не изменение спроса.
A4: Неделя | B4: Товарооборот, руб | C4: Складов (среднее) | D4: Оборот на склад | E4: Дней в неделе | F4: Оборот за день
A5: 18 | B5: =SUMPRODUCT(SUMIFS(Данные!$D$5:$D$508,Данные!$B$5:$B$508,{"Волгоград";"Екатеринбург";"Казань";"Кемерово";"Краснодар";"Москва Восток";"Москва Запад";"Нижний Новгород";"Новосибирск";"Пермь";"Санкт-Петербург Север";"Санкт-Петербург Юг";"Тольятти"},Данные!$H$5:$H$508,A5)) -> 834794223 | C5: =SUMPRODUCT(SUMIFS(Данные!$E$5:$E$508,Данные!$B$5:$B$508,{"Волгоград";"Екатеринбург";"Казань";"Кемерово";"Краснодар";"Москва Восток";"Москва Запад";"Нижний Новгород";"Новосибирск";"Пермь";"Санкт-Петербург Север";"Санкт-Петербург Юг";"Тольятти"},Данные!$H$5:$H$508,A5))/E5 -> 549 | D5: =IFERROR(B5/C5,"") -> 1520572.4 | E5: 6 | F5: =IFERROR(B5/E5,"") -> 1.3913237e+08
A6: 19 | B6: =SUMPRODUCT(SUMIFS(Данные!$D$5:$D$508,Данные!$B$5:$B$508,{"Волгоград";"Екатеринбург";"Казань";"Кемерово";"Краснодар";"Москва Восток";"Москва Запад";"Нижний Новгород";"Новосибирск";"Пермь";"Санкт-Петербург Север";"Санкт-Петербург Юг";"Тольятти"},Данные!$H$5:$H$508,A6)) -> 9.7802313e+08 | C6: =SUMPRODUCT(SUMIFS(Данные!$E$5:$E$508,Данные!$B$5:$B$508,{"Волгоград";"Екатеринбург";"Казань";"Кемерово";"Краснодар";"Москва Восток";"Москва Запад";"Нижний Новгород";"Новосибирск";"Пермь";"Санкт-Петербург Север";"Санкт-Петербург Юг";"Тольятти"},Данные!$H$5:$H$508,A6))/E6 -> 553.14286 | D6: =IFERROR(B6/C6,"") -> 1768120.3 | E6: 7 | F6: =IFERROR(B6/E6,"") -> 1.3971759e+08
A7: 20 | B7: =SUMPRODUCT(SUMIFS(Данные!$D$5:$D$508,Данные!$B$5:$B$508,{"Волгоград";"Екатеринбург";"Казань";"Кемерово";"Краснодар";"Москва Восток";"Москва Запад";"Нижний Новгород";"Новосибирск";"Пермь";"Санкт-Петербург Север";"Санкт-Петербург Юг";"Тольятти"},Данные!$H$5:$H$508,A7)) -> 9.3988055e+08 | C7: =SUMPRODUCT(SUMIFS(Данные!$E$5:$E$508,Данные!$B$5:$B$508,{"Волгоград";"Екатеринбург";"Казань";"Кемерово";"Краснодар";"Москва Восток";"Москва Запад";"Нижний Новгород";"Новосибирск";"Пермь";"Санкт-Петербург Север";"Санкт-Петербург Юг";"Тольятти"},Данные!$H$5:$H$508,A7))/E7 -> 555.57143 | D7: =IFERROR(B7/C7,"") -> 1691736.7 | E7: 7 | F7: =IFERROR(B7/E7,"") -> 1.3426865e+08
A8: 21 | B8: =SUMPRODUCT(SUMIFS(Данные!$D$5:$D$508,Данные!$B$5:$B$508,{"Волгоград";"Екатеринбург";"Казань";"Кемерово";"Краснодар";"Москва Восток";"Москва Запад";"Нижний Новгород";"Новосибирск";"Пермь";"Санкт-Петербург Север";"Санкт-Петербург Юг";"Тольятти"},Данные!$H$5:$H$508,A8)) -> 9.9405336e+08 | C8: =SUMPRODUCT(SUMIFS(Данные!$E$5:$E$508,Данные!$B$5:$B$508,{"Волгоград";"Екатеринбург";"Казань";"Кемерово";"Краснодар";"Москва Восток";"Москва Запад";"Нижний Новгород";"Новосибирск";"Пермь";"Санкт-Петербург Север";"Санкт-Петербург Юг";"Тольятти"},Данные!$H$5:$H$508,A8))/E8 -> 559.28571 | D8: =IFERROR(B8/C8,"") -> 1777362.3 | E8: 7 | F8: =IFERROR(B8/E8,"") -> 1.4200762e+08
A9: 22 | B9: =SUMPRODUCT(SUMIFS(Данные!$D$5:$D$508,Данные!$B$5:$B$508,{"Волгоград";"Екатеринбург";"Казань";"Кемерово";"Краснодар";"Москва Восток";"Москва Запад";"Нижний Новгород";"Новосибирск";"Пермь";"Санкт-Петербург Север";"Санкт-Петербург Юг";"Тольятти"},Данные!$H$5:$H$508,A9)) -> 1.037794e+09 | C9: =SUMPRODUCT(SUMIFS(Данные!$E$5:$E$508,Данные!$B$5:$B$508,{"Волгоград";"Екатеринбург";"Казань";"Кемерово";"Краснодар";"Москва Восток";"Москва Запад";"Нижний Новгород";"Новосибирск";"Пермь";"Санкт-Петербург Север";"Санкт-Петербург Юг";"Тольятти"},Данные!$H$5:$H$508,A9))/E9 -> 560.71429 | D9: =IFERROR(B9/C9,"") -> 1850842.8 | E9: 7 | F9: =IFERROR(B9/E9,"") -> 1.4825628e+08
A10: 23 | B10: =SUMPRODUCT(SUMIFS(Данные!$D$5:$D$508,Данные!$B$5:$B$508,{"Волгоград";"Екатеринбург";"Казань";"Кемерово";"Краснодар";"Москва Восток";"Москва Запад";"Нижний Новгород";"Новосибирск";"Пермь";"Санкт-Петербург Север";"Санкт-Петербург Юг";"Тольятти"},Данные!$H$5:$H$508,A10)) -> 1.3222805e+08 | C10: =SUMPRODUCT(SUMIFS(Данные!$E$5:$E$508,Данные!$B$5:$B$508,{"Волгоград";"Екатеринбург";"Казань";"Кемерово";"Краснодар";"Москва Восток";"Москва Запад";"Нижний Новгород";"Новосибирск";"Пермь";"Санкт-Петербург Север";"Санкт-Петербург Юг";"Тольятти"},Данные!$H$5:$H$508,A10))/E10 -> 562 | D10: =IFERROR(B10/C10,"") -> 235281.22 | E10: 1 | F10: =IFERROR(B10/E10,"") -> 1.3222805e+08

Sheet Эффективность складов
A1: Оборот на склад по территориям, полные недели 19–22
A2: Показатель отвечает на вопрос, где склады загружены плотнее. Крупная территория может быть неэффективной, и наоборот.
A4: Территория | B4: Товарооборот, руб | C4: Складов | D4: Оборот на склад | E4: Заказов | F4: Средний чек | G4: Доля в обороте
A5: Москва Восток | B5: =SUMIFS(Данные!$D$5:$D$508,Данные!$B$5:$B$508,A5,Данные!$H$5:$H$508,">=19",Данные!$H$5:$H$508,"<=22") -> 5.8849659e+08 | C5: =AVERAGEIFS(Данные!$E$5:$E$508,Данные!$B$5:$B$508,A5,Данные!$H$5:$H$508,">=19",Данные!$H$5:$H$508,"<=22") -> 54 | D5: =IFERROR(B5/C5,"") -> 10898085 | E5: =SUMIFS(Данные!$F$5:$F$508,Данные!$B$5:$B$508,A5,Данные!$H$5:$H$508,">=19",Данные!$H$5:$H$508,"<=22") -> 360313 | F5: =IFERROR(B5/E5,"") -> 1633.2927 | G5: =B5/SUM($B$5:$B$17) -> 0.14899587
A6: Москва Запад | B6: =SUMIFS(Данные!$D$5:$D$508,Данные!$B$5:$B$508,A6,Данные!$H$5:$H$508,">=19",Данные!$H$5:$H$508,"<=22") -> 617890356 | C6: =AVERAGEIFS(Данные!$E$5:$E$508,Данные!$B$5:$B$508,A6,Данные!$H$5:$H$508,">=19",Данные!$H$5:$H$508,"<=22") -> 59.535714 | D6: =IFERROR(B6/C6,"") -> 10378482 | E6: =SUMIFS(Данные!$F$5:$F$508,Данные!$B$5:$B$508,A6,Данные!$H$5:$H$508,">=19",Данные!$H$5:$H$508,"<=22") -> 379166 | F6: =IFERROR(B6/E6,"") -> 1629.6038 | G6: =B6/SUM($B$5:$B$17) -> 0.1564378
A7: Санкт-Петербург Север | B7: =SUMIFS(Данные!$D$5:$D$508,Данные!$B$5:$B$508,A7,Данные!$H$5:$H$508,">=19",Данные!$H$5:$H$508,"<=22") -> 1.110407e+09 | C7: =AVERAGEIFS(Данные!$E$5:$E$508,Данные!$B$5:$B$508,A7,Данные!$H$5:$H$508,">=19",Данные!$H$5:$H$508,"<=22") -> 124.75 | D7: =IFERROR(B7/C7,"") -> 8901058 | E7: =SUMIFS(Данные!$F$5:$F$508,Данные!$B$5:$B$508,A7,Данные!$H$5:$H$508,">=19",Данные!$H$5:$H$508,"<=22") -> 592525 | F7: =IFERROR(B7/E7,"") -> 1874.0255 | G7: =B7/SUM($B$5:$B$17) -> 0.28113341
A8: Санкт-Петербург Юг | B8: =SUMIFS(Данные!$D$5:$D$508,Данные!$B$5:$B$508,A8,Данные!$H$5:$H$508,">=19",Данные!$H$5:$H$508,"<=22") -> 8.3157276e+08 | C8: =AVERAGEIFS(Данные!$E$5:$E$508,Данные!$B$5:$B$508,A8,Данные!$H$5:$H$508,">=19",Данные!$H$5:$H$508,"<=22") -> 129 | D8: =IFERROR(B8/C8,"") -> 6446300.4 | E8: =SUMIFS(Данные!$F$5:$F$508,Данные!$B$5:$B$508,A8,Данные!$H$5:$H$508,">=19",Данные!$H$5:$H$508,"<=22") -> 474336 | F8: =IFERROR(B8/E8,"") -> 1753.1302 | G8: =B8/SUM($B$5:$B$17) -> 0.21053802
A9: Екатеринбург | B9: =SUMIFS(Данные!$D$5:$D$508,Данные!$B$5:$B$508,A9,Данные!$H$5:$H$508,">=19",Данные!$H$5:$H$508,"<=22") -> 1.9375032e+08 | C9: =AVERAGEIFS(Данные!$E$5:$E$508,Данные!$B$5:$B$508,A9,Данные!$H$5:$H$508,">=19",Данные!$H$5:$H$508,"<=22") -> 31 | D9: =IFERROR(B9/C9,"") -> 6250010.5 | E9: =SUMIFS(Данные!$F$5:$F$508,Данные!$B$5:$B$508,A9,Данные!$H$5:$H$508,">=19",Данные!$H$5:$H$508,"<=22") -> 148378 | F9: =IFERROR(B9/E9,"") -> 1305.7888 | G9: =B9/SUM($B$5:$B$17) -> 0.049053807
A10: Волгоград | B10: =SUMIFS(Данные!$D$5:$D$508,Данные!$B$5:$B$508,A10,Данные!$H$5:$H$508,">=19",Данные!$H$5:$H$508,"<=22") -> 175265742 | C10: =AVERAGEIFS(Данные!$E$5:$E$508,Данные!$B$5:$B$508,A10,Данные!$H$5:$H$508,">=19",Данные!$H$5:$H$508,"<=22") -> 36.142857 | D10: =IFERROR(B10/C10,"") -> 4849249.8 | E10: =SUMIFS(Данные!$F$5:$F$508,Данные!$B$5:$B$508,A10,Данные!$H$5:$H$508,">=19",Данные!$H$5:$H$508,"<=22") -> 139403 | F10: =IFERROR(B10/E10,"") -> 1257.2595 | G10: =B10/SUM($B$5:$B$17) -> 0.044373871
A11: Казань | B11: =SUMIFS(Данные!$D$5:$D$508,Данные!$B$5:$B$508,A11,Данные!$H$5:$H$508,">=19",Данные!$H$5:$H$508,"<=22") -> 98889370 | C11: =AVERAGEIFS(Данные!$E$5:$E$508,Данные!$B$5:$B$508,A11,Данные!$H$5:$H$508,">=19",Данные!$H$5:$H$508,"<=22") -> 21.071429 | D11: =IFERROR(B11/C11,"") -> 4693054.9 | E11: =SUMIFS(Данные!$F$5:$F$508,Данные!$B$5:$B$508,A11,Данные!$H$5:$H$508,">=19",Данные!$H$5:$H$508,"<=22") -> 62032 | F11: =IFERROR(B11/E11,"") -> 1594.1671 | G11: =B11/SUM($B$5:$B$17) -> 0.025036862
A12: Нижний Новгород | B12: =SUMIFS(Данные!$D$5:$D$508,Данные!$B$5:$B$508,A12,Данные!$H$5:$H$508,">=19",Данные!$H$5:$H$508,"<=22") -> 79432821 | C12: =AVERAGEIFS(Данные!$E$5:$E$508,Данные!$B$5:$B$508,A12,Данные!$H$5:$H$508,">=19",Данные!$H$5:$H$508,"<=22") -> 19.357143 | D12: =IFERROR(B12/C12,"") -> 4103540.6 | E12: =SUMIFS(Данные!$F$5:$F$508,Данные!$B$5:$B$508,A12,Данные!$H$5:$H$508,">=19",Данные!$H$5:$H$508,"<=22") -> 53875 | F12: =IFERROR(B12/E12,"") -> 1474.3911 | G12: =B12/SUM($B$5:$B$17) -> 0.020110843
A13: Кемерово | B13: =SUMIFS(Данные!$D$5:$D$508,Данные!$B$5:$B$508,A13,Данные!$H$5:$H$508,">=19",Данные!$H$5:$H$508,"<=22") -> 82698820 | C13: =AVERAGEIFS(Данные!$E$5:$E$508,Данные!$B$5:$B$508,A13,Данные!$H$5:$H$508,">=19",Данные!$H$5:$H$508,"<=22") -> 20.642857 | D13: =IFERROR(B13/C13,"") -> 4006171.2 | E13: =SUMIFS(Данные!$F$5:$F$508,Данные!$B$5:$B$508,A13,Данные!$H$5:$H$508,">=19",Данные!$H$5:$H$508,"<=22") -> 53479 | F13: =IFERROR(B13/E13,"") -> 1546.3793 | G13: =B13/SUM($B$5:$B$17) -> 0.02093773
A14: Краснодар | B14: =SUMIFS(Данные!$D$5:$D$508,Данные!$B$5:$B$508,A14,Данные!$H$5:$H$508,">=19",Данные!$H$5:$H$508,"<=22") -> 69367629 | C14: =AVERAGEIFS(Данные!$E$5:$E$508,Данные!$B$5:$B$508,A14,Данные!$H$5:$H$508,">=19",Данные!$H$5:$H$508,"<=22") -> 19.285714 | D14: =IFERROR(B14/C14,"") -> 3596840 | E14: =SUMIFS(Данные!$F$5:$F$508,Данные!$B$5:$B$508,A14,Данные!$H$5:$H$508,">=19",Данные!$H$5:$H$508,"<=22") -> 49784 | F14: =IFERROR(B14/E14,"") -> 1393.3719 | G14: =B14/SUM($B$5:$B$17) -> 0.017562532
A15: Тольятти | B15: =SUMIFS(Данные!$D$5:$D$508,Данные!$B$5:$B$508,A15,Данные!$H$5:$H$508,">=19",Данные!$H$5:$H$508,"<=22") -> 27668822 | C15: =AVERAGEIFS(Данные!$E$5:$E$508,Данные!$B$5:$B$508,A15,Данные!$H$5:$H$508,">=19",Данные!$H$5:$H$508,"<=22") -> 10 | D15: =IFERROR(B15/C15,"") -> 2766882.1 | E15: =SUMIFS(Данные!$F$5:$F$508,Данные!$B$5:$B$508,A15,Данные!$H$5:$H$508,">=19",Данные!$H$5:$H$508,"<=22") -> 18892 | F15: =IFERROR(B15/E15,"") -> 1464.5787 | G15: =B15/SUM($B$5:$B$17) -> 0.0070052065
A16: Пермь | B16: =SUMIFS(Данные!$D$5:$D$508,Данные!$B$5:$B$508,A16,Данные!$H$5:$H$508,">=19",Данные!$H$5:$H$508,"<=22") -> 40315412 | C16: =AVERAGEIFS(Данные!$E$5:$E$508,Данные!$B$5:$B$508,A16,Данные!$H$5:$H$508,">=19",Данные!$H$5:$H$508,"<=22") -> 15.892857 | D16: =IFERROR(B16/C16,"") -> 2536700 | E16: =SUMIFS(Данные!$F$5:$F$508,Данные!$B$5:$B$508,A16,Данные!$H$5:$H$508,">=19",Данные!$H$5:$H$508,"<=22") -> 28984 | F16: =IFERROR(B16/E16,"") -> 1390.954 | G16: =B16/SUM($B$5:$B$17) -> 0.010207077
A17: Новосибирск | B17: =SUMIFS(Данные!$D$5:$D$508,Данные!$B$5:$B$508,A17,Данные!$H$5:$H$508,">=19",Данные!$H$5:$H$508,"<=22") -> 33995386 | C17: =AVERAGEIFS(Данные!$E$5:$E$508,Данные!$B$5:$B$508,A17,Данные!$H$5:$H$508,">=19",Данные!$H$5:$H$508,"<=22") -> 16.5 | D17: =IFERROR(B17/C17,"") -> 2060326.5 | E17: =SUMIFS(Данные!$F$5:$F$508,Данные!$B$5:$B$508,A17,Данные!$H$5:$H$508,">=19",Данные!$H$5:$H$508,"<=22") -> 24251 | F17: =IFERROR(B17/E17,"") -> 1401.8138 | G17: =B17/SUM($B$5:$B$17) -> 0.0086069695
